Trial,AppId,Sha256TimeMs,RecordTxLatencyMs,RecordGasUsed,VerifyLatencyMs,DisburseTxLatencyMs,DisburseGasUsed
1,2133,0.7138,174.94,255658,40.32,82.35,150139
2,2134,0.0959,94.03,255658,28.75,66.17,150139
3,2135,0.0574,68.67,255658,15.51,61.85,150139
4,2136,0.0467,91.59,255658,30.72,60.17,150139
5,2137,0.0669,81.72,255658,24.96,60.86,150139
6,2138,0.0527,60.55,255658,18.26,46.13,150139
7,2139,0.0532,62.68,255658,18.35,40.09,150139
8,2140,0.0385,59.69,255646,26.65,44.98,150127
9,2141,0.1444,51.81,255658,16.85,41.44,150139
10,2142,0.0756,50.15,255658,18.22,44.10,150139